INTCUST-CUSTNO,INTCUST-EMAIL-ADDRESS,PASSWORD,SU_CODE,PRDOCUT_DESCRIPTION
889000000,889000000@test.com,B000ker!123,1010614,GIN MARE Mediterranean Gin 700ml
889000001,889000001@test.com,B000ker!123,284616,Fox's Fabulous Milk Chocolate Cookies 180g
889000003,889000003@test.com,B000ker!123,544387,Warburtons Medium Sliced Wholemeal 400g
889000005,889000005@test.com,B000ker!123,284616,Fox's Fabulous Milk Chocolate Cookies 180g
889000007,889000007@test.com,B000ker!123,263893,D. Gibbon & Sons White Bread Tiger Bloomer 800g
889000008,889000008@test.com,B000ker!123,209906,Alberto Balsam Sunkissed Raspberry Shampoo 350ml
889000009,889000009@test.com,B000ker!123,292046,Jack Link's Biltong 20g
889000006,889000006@test.com,B000ker!123,257669,Freshways Whole Milk 1 Pint/568ml
889000004,889000004@test.com,B000ker!123,544387,Warburtons Medium Sliced Wholemeal 400g