<!DOCTYPE suite SYSTEM "http://testng.org/testng-1.0.dtd">
<suite name="Web Demo Suite" verbose="0" parallel="tests" thread-count="5">
	<listeners>
		<listener class-name="com.quantum.listeners.QuantumReportiumListener" />
		<listener class-name="com.quantum.listener.TestNGListener" />
	</listeners>
	<!--	Running in Perfecto cloud browser -Windows Chrome	-->
	<test name="Test in Edge" enabled="false">
		<parameter name="driver.name" value="edgeDriver"></parameter>
		<parameter name="driver.capabilities.browserName" value="edge"></parameter>
		<!--       <parameter name="driver.capabilities.driverClass" value="org.openqa.selenium.edge.EdgeDriver"/>-->
		<parameter name="edge.capabilities.driverClass" value="org.openqa.selenium.edge.EdgeDriver"></parameter>
		<parameter name="env.resources" value="src/main/resources/web" />
		<groups>
			<run>
				<include name="@Test" />
			</run>
		</groups>
		<classes>
			<class
					name="com.qmetry.qaf.automation.step.client.gherkin.GherkinScenarioFactory" />
		</classes>
	</test>
</suite>