INTCUST-CUSTNO,INTCUST-EMAIL-ADDRESS,PASSWORD,SU_CODE,PRDOCUT_DESCRIPTION,CATEGORY_PRODUCT
889000005,889000005@test.com,B000ker!123,284616,Fox's Fabulous Milk Chocolate Cookies 180g,Ambient
889000006,889000006@test.com,B000ker!123,257669,Freshways Whole Milk 1 Pint/568ml,Fresh
889000007,889000007@test.com,B000ker!123,263893,D. Gibbon & Sons White Bread Tiger Bloomer 800g,Fresh
889000008,889000008@test.com,B000ker!123,209906,Alberto Balsam Sunkissed Raspberry Shampoo 350ml,Grocery
889000009,889000009@test.com,B000ker!123,292046,Jack Link's Biltong 20g,Fresh