<!DOCTYPE suite SYSTEM "http://testng.org/testng-1.0.dtd">
<suite name="Web Demo Suite" verbose="0" parallel="tests" thread-count="5">
	<listeners>
		<listener class-name="com.quantum.listeners.QuantumReportiumListener" />
		<listener class-name="com.quantum.listener.TestNGListener" />
	</listeners>
	<!--	Running in Perfecto cloud browser -Windows Chrome	-->
	<test name="Web Scenarios Chrome Test - Remote" enabled="true">
		<parameter name="perfecto.capabilities.platformName" value="Windows"></parameter>
		<parameter name="perfecto.capabilities.platformVersion" value="11"></parameter>
		<parameter name="perfecto.capabilities.browserName" value="Chrome"></parameter>
		<parameter name="perfecto.capabilities.browserVersion" value="120"></parameter>
		<parameter name="perfecto.capabilities.resolution" value="1920x1080"></parameter>
		<parameter name="perfecto.capabilities.location" value="US East"></parameter>
		<parameter name="perfecto.additional.capabilities" value="{'goog:chromeOptions':{'args':['--remote-allow-origins=*', 'start-maximized', 'disable-infobars', '--disable-dev-shm-usage','--ignore-certificate-errors']}}" />
		<parameter name="env.resources" value="src/main/resources/web" />
		<groups>
			<run>
				<include name="@Regression" />
			</run>
		</groups>
		<classes>
			<class
					name="com.qmetry.qaf.automation.step.client.gherkin.GherkinScenarioFactory" />
		</classes>
	</test>

	<!--	Running in Perfecto cloud browser - Mac - Chrome	-->
	<test name="Web Scenarios Chrome Test Ventura" enabled="true">
		<parameter name="perfecto.capabilities.platformName" value="Mac"></parameter>
		<parameter name="perfecto.capabilities.platformVersion" value="macOS Ventura"></parameter>
		<parameter name="perfecto.capabilities.browserName" value="Chrome"></parameter>
		<parameter name="perfecto.capabilities.resolution" value="1920x1080"></parameter>
		<parameter name="perfecto.capabilities.location" value="EU-UK-LON"></parameter>
		<parameter name="perfecto.additional.capabilities" value="{'goog:chromeOptions':{'args':['--remote-allow-origins=*', 'start-maximized', 'disable-infobars', '--disable-dev-shm-usage']}}" />
		<parameter name="env.resources" value="src/main/resources/web" />
		<groups>
			<run>
				<include name="@Regression" />
			</run>
		</groups>
		<classes>
			<class
					name="com.qmetry.qaf.automation.step.client.gherkin.GherkinScenarioFactory" />
		</classes>
	</test>
</suite>