INTCUST-CUSTNO,INTCUST-EMAIL-ADDRESS,PASSWORD,INTCUST-WEB-BRANCH-ID,INTCUST-HOME-BRANCH,INTCUST-TITLE,INTCUST-SURNAME,INTCUST-FIRSTNAME,INTCUST-TRADING-NAME,INTCUST-STREET2,INTCUST-STREET3,INTCUST-HOUSE-NUMBER,INTCUST-STREET,INTCUST-STREET4,INTCUST-STREET5,INTCUST-CITY,INTCUST-DISTRICT,INTCUST-POSTCODE,INTCUST-TELEPHONE,INTCUST-MOBILE-PHONE,INTCUST-FAX32,INTCUST-EMAIL-ADDRESS,INTCUST-CON-PREF-MAIL,INTCUST-CON-PREF-TELEPHONE,INTCUST-CON-PREF-EMAIL,INTCUST-CON-PREF-MOBILE,INTCUST_LICENCED,INTCUST-CAN-SHOP,INTCUST-CAN-DELIVER,INTCUST-FACIA-TYPE,INTCUST-CLASSIFICATION,INTCUST-BUSINESS-TYPE,INTCUST-GROUP-SECTOR,INTCUST-ISDEL,INTCUST-STATUS,INTCUST-ONSTOP-FLAG,INTCUST-SOP-FLAG,INTCUST-NACNO,DS_VDD_FLAG,INTCUST-USE-PROD-CD,INCUST-BRP-CUST-NO,INCUST-BRP-LEAFLET-SCHEME,INCUST-SALESMAN-CODE,INCUST-TOBACCO-CLUB,INCUST-COUNTRY-CODE
889000000,889000000@test.com,B000ker!123,266,266,Dr,IT,ACCOUNT,BOOKER WHOLESALE,,,255,889000000@test.com,,,WELLINGBOROUGH,Northamptonshire,NN81LT,1933371000,7000000000,,889000000@test.com,Y,Y,Y,X,N,3,0,NA,1A,1,1,0,C,N,2,,N,N,0,,0,N,EN
889000001,889000001@test.com,B000ker!123,266,266,Dr,IT,ACCOUNT,BOOKER WHOLESALE,,,255,889000001@test.com,,,WELLINGBOROUGH,Northamptonshire,NN81LT,1933371000,7000000000,,889000001@test.com,Y,Y,Y,X,Y,1,0,NA,1A,2,7,0,C,N,2,,N,N,0,,0,N,EN
889000002,889000002@test.com,B000ker!123,266,266,Dr,IT,ACCOUNT,BOOKER WHOLESALE,,,255,889000002@test.com,,,WELLINGBOROUGH,Northamptonshire,NN81LT,1933371000,7000000000,,889000002@test.com,Y,Y,Y,X,Y,1,1,NA,1A,1,1,0,C,N,4,H55556,N,N,0,,0,Y,EN
889000003,889000003@test.com,B000ker!123,266,266,Dr,IT,ACCOUNT,BOOKER WHOLESALE,,,255,889000003@test.com,,,WELLINGBOROUGH,Northamptonshire,NN81LT,1933371000,7000000000,,889000003@test.com,Y,Y,Y,X,N,1,1,TC,JA,2,8,0,C,N,2,,N,N,0,,0,Y,EN
889000004,889000004@test.com,B000ker!123,266,266,Dr,IT,ACCOUNT,BOOKER WHOLESALE,,,255,889000004@test.com,,,WELLINGBOROUGH,Northamptonshire,NN81LT,1933371000,7000000000,,889000004@test.com,Y,Y,Y,X,N,1,1,NA,1A,1,1,0,C,N,2,,N,N,0,,0,N,EN
889000005,889000005@test.com,B000ker!123,663,663,Dr,IT,ACCOUNT,BOOKER WHOLESALE,,,255,889000005@test.com,,,WELLINGBOROUGH,Northamptonshire,NN81LT,1933371000,7000000000,,889000005@test.com,Y,Y,Y,X,Y,2,1,RO,1A,1,1,0,C,N,2,,N,N,123456,,12345,N,EN
889000007,889000007@test.com,B000ker!123,668,668,Dr,IT,ACCOUNT,BOOKER WHOLESALE,,,255,889000007@test.com,,,WELLINGBOROUGH,Northamptonshire,NN81LT,1933371000,7000000000,,889000007@test.com,Y,Y,Y,X,N,2,1,LO,1A,1,1,0,C,N,2,,N,N,345678,NHLL,34567,Y,EN
889000008,889000008@test.com,B000ker!123,668,668,Dr,IT,ACCOUNT,BOOKER WHOLESALE,,,255,889000008@test.com,,,WELLINGBOROUGH,Northamptonshire,NN81LT,1933371000,7000000000,,889000008@test.com,Y,Y,Y,X,N,2,1,BU,1A,1,1,0,C,N,2,,N,N,456789,NLSL,45678,N,EN
889000009,889000009@test.com,B000ker!123,668,668,Dr,IT,ACCOUNT,BOOKER WHOLESALE,,,255,889000009@test.com,,,WELLINGBOROUGH,Northamptonshire,NN81LT,1933371000,7000000000,,889000009@test.com,Y,Y,Y,X,Y,2,1,LO,1A,1,1,0,C,N,2,H16114,N,N,567891,FCLL,56789,N,EN