[
  {
    "CustomError": "Element not found",
    "StackTraceErrors": [
      "org.openqa.selenium.TimeoutException",
      "org.openqa.selenium.ElementNotVisibleException",
      "org.openqa.selenium.NoSuchElementException",
      "org.openqa.selenium.json.JsonException: java.lang.reflect.InvocationTargetException"
    ]
  },
  {
    "CustomError": "Invalid Input Data",
    "StackTraceErrors": [
      "org.openqa.selenium.InvalidArgumentException"
    ]
  },
  {
    "CustomError": "Timeout issue",
    "StackTraceErrors": [
      "org.openqa.selenium.TimeoutException"
    ]
  },
  {
    "CustomError": "Application Issue",
    "StackTraceErrors": [
      "java.lang.AssertionError: Unable to find the text as expected"
    ]
  },
  {
    "CustomError": "Unable to Login Successfully",
    "StackTraceErrors": [
      "Wait time out for By.xpath: //a[text()='Logout'] to be visible"
    ]
  }
]





